provider_place_id,name,longitude,latitude,street,region,city,operator_name,num_dc_charge_points,num_ac_charge_points,max_dc_power,max_dc_amps,max_dc_volts,max_ac_power,max_ac_amps,max_ac_volts,typcn_count,typcndc_count,station_name,district,p_ingestday,Is_DC,Is_AC,Is_Mixed,Faulty_Station,station_type,brand_power_combination,station_type_str,hex_id,dist_to_hotel_km,poi_id,address,location,rating,brand_keyword,geometry,brand_power_combo,power_type_final
MABTWT5Y0_7177_ssc,慢充 能银链,113.326656,23.122415,珠江东路18号之一(妇儿中心地铁站B口步行360米),广东省,广州市,能银链,0.0,15.0,,,,7.0,32.0,264.0,15.0,,随手充广州嘉裕中心B3充电站,天河区,2025-08-30,False,True,False,False,Slow AC,能银链 - Slow AC,Slow AC,hex_28,0.19525152266321297,,,,,,,,
MADD8G2W4_4401060004,超充/快充 逸安启,113.326316,23.123981,珠江东路28号B2层 (原车位编号152号-155号）,广东省,广州市,逸安启,4.0,0.0,600.0,800.0,1000.0,,,,,4.0,逸安启超充站-广州越秀金融大厦,天河区,2025-08-30,True,False,False,False,High power charging,逸安启 - High power charging,High power charging,hex_28,0.31521238405499863,,,,,,,,
101437000_6042,快充 小桔充电,113.321357,23.121044,冼村街道华夏路花城广场,广东省,广州市,小桔充电,12.0,0.0,120.0,250.0,750.0,,,,,12.0,全球通大厦智能充电站,天河区,2025-08-30,True,False,False,False,Ultra fast charging,小桔充电 - Ultra fast charging,Ultra fast charging,hex_28,0.7387795214750352,,,,,,,,
MA59G0765_5936,快充 蔚景云,113.324611,23.118462,花城广场南区负一层（珠江西路西塔隧道口）,广东省,广州市,蔚景云,60.0,0.0,120.0,160.0,750.0,,,,,60.0,广州城投（花城广场南区）充电站,天河区,2025-08-30,True,False,False,False,Ultra fast charging,蔚景云 - Ultra fast charging,Ultra fast charging,hex_28,0.5590554671140424,,,,,,,,
MABTWT5Y0_5936,快充 能银链,113.324611,23.118462,花城广场南区负一层（珠江西路西塔隧道口）,广东省,广州市,能银链,60.0,0.0,120.0,160.0,750.0,,,,,60.0,微电快桩・广州城投（花城广场南区）充电站,天河区,2025-08-30,True,False,False,False,Ultra fast charging,能银链 - Ultra fast charging,Ultra fast charging,hex_28,0.5590554671140424,,,,,,,,
698685194_5936,快充 广州城投,113.324459,23.114935,花城广场南区负一层（珠江西路西塔隧道口）,广东省,广州市,广州城投,58.0,0.0,120.0,160.0,750.0,,,,,58.0,广州城投（花城广场南区）充电站,天河区,2025-08-30,True,False,False,False,Ultra fast charging,广州城投 - Ultra fast charging,Ultra fast charging,hex_28,0.8868588905223693,,,,,,,,
101437000_11609,快充 小桔充电,113.334146,23.113388,驿联新能源充电站(猎德村社卫中心),广东省,广州市,小桔充电,26.0,0.0,250.0,250.0,1000.0,,,,,26.0,猎德村社卫中心地面充电站,天河区,2025-08-30,True,False,False,False,High power charging,小桔充电 - High power charging,High power charging,hex_28,1.116650149860609,,,,,,,,
MABUL2CU6_1798220345261232130,快充 广汽能源,113.338343,23.118437,冼村街道花城大道692号珠江公园停车场,广东省,广州市,广汽能源,12.0,0.0,360.0,18.0,1000.0,,,,,12.0,昊铂广州珠江公园超充站,天河区,2025-08-30,True,False,False,False,High power charging,广汽能源 - High power charging,High power charging,hex_28,1.0804999414208658,,,,,,,,
231227827_3010,快充 用电,113.351599,23.122527,冼村街道MVP足球场(珠江新城店),广东省,广州市,用电,54.0,0.0,600.0,640.0,750.0,,,,,54.0,天河平云路智慧超充站,天河区,2025-08-30,True,False,False,False,High power charging,用电 - High power charging,High power charging,hex_28,2.3621077981317713,,,,,,,,
MABUL2CU6_1665586505625579521,慢充 广汽能源,113.346631,23.100631,广州星河湾中心,广东省,广州市,广汽能源,0.0,34.0,,,,7.0,18.0,220.0,34.0,,广汽能源广州星河湾中心目的地站,海珠区,2025-08-30,False,True,False,False,Slow AC,广汽能源 - Slow AC,Slow AC,hex_28,3.0124654647393196,,,,,,,,
MA5DA0053_440111003025,快充 车电网,113.328312,23.106295,赤岗街道阅江西路228号广州塔东停车场,广东省,广州市,车电网,12.0,0.0,160.0,213.0,750.0,,,,,12.0,车电网广州海珠广州塔充电站,海珠区,2025-08-30,True,False,False,False,High power charging,车电网 - High power charging,High power charging,hex_28,1.7450995173579145,,,,,,,,
MABTWT5Y0_5939,快充 能银链,113.325645,23.105835,赤岗街道广州塔路,广东省,广州市,能银链,4.0,0.0,90.0,120.0,750.0,,,,,4.0,微电快桩・广州城投（广州塔）充电站,海珠区,2025-08-30,True,False,False,False,Fast charging,能银链 - Fast charging,Fast charging,hex_28,1.819842699041569,,,,,,,,
MA5DT8Q54_4401050275,快充 南网电动,113.313664,23.101023,海珠区赤岗街道海天花苑,广东省,广州市,南网电动,26.0,0.0,120.0,120.0,1000.0,,,,,26.0,滨江海天花苑停车场电动汽车充电站,海珠区,2025-08-30,True,False,False,False,Ultra fast charging,南网电动 - Ultra fast charging,Ultra fast charging,hex_28,2.781936380330462,,,,,,,,
MA59J8YL8_2613a5bb24eb7932,慢充 万城万充,113.314009,23.085946,叠景路168号合生广场北区（负3层）,广东省,广州市,万城万充,0.0,13.0,,,,7.0,32.0,220.0,13.0,,合生广场（北区）充电站,海珠区,2025-08-30,False,True,False,False,Slow AC,万城万充 - Slow AC,Slow AC,hex_28,4.273244821637946,,,,,,,,
MABTWT5Y0_5937,快充 能银链,113.303231,23.064053,南洲街道南洲路盛恒南洲商务中心,广东省,广州市,能银链,47.0,0.0,150.0,200.0,750.0,,,,,47.0,微电快桩・广州城投（南洲路）充电站,海珠区,2025-08-30,True,False,False,False,High power charging,能银链 - High power charging,High power charging,hex_28,6.941546546259049,,,,,,,,
698685194_5937,快充 广州城投,113.303231,23.064053,南洲街道南洲路盛恒南洲商务中心,广东省,广州市,广州城投,47.0,0.0,150.0,200.0,750.0,,,,,47.0,广州城投（南洲路）充电站,海珠区,2025-08-30,True,False,False,False,High power charging,广州城投 - High power charging,High power charging,hex_28,6.941546546259049,,,,,,,,
61868036X_2019121211413963,快充 科士达,113.32686,23.055959,南洲路99号,广东省,广州市,科士达,8.0,0.0,120.0,162.0,750.0,,,,,8.0,建和发展,海珠区,2025-08-30,True,False,False,False,Ultra fast charging,科士达 - Ultra fast charging,Ultra fast charging,hex_28,7.3440348431247395,,,,,,,,
MA5AU5N17_440,快充 捷电通,113.346951,23.07965,华南快速干线新滘立交桥底空间站,广东省,广州市,捷电通,100.0,0.0,240.0,240.0,750.0,,,,,100.0,新滘中路华洲街充电站,海珠区,2025-08-30,True,False,False,False,High power charging,捷电通 - High power charging,High power charging,hex_28,5.071628330299706,,,,,,,,
MA5AU5N17_431,快充 捷电通,113.353213,23.081322,江海街道新滘东路,广东省,广州市,捷电通,82.0,0.0,120.0,160.0,750.0,,,,,82.0,新滘南充电站,海珠区,2025-08-30,True,False,False,False,Ultra fast charging,捷电通 - Ultra fast charging,Ultra fast charging,hex_28,5.179948085503614,,,,,,,,
MA5ATQWX8_S15948697244986,快充 法斯特,113.368393,23.079866,仑头西路九亩田二街1号,广东省,广州市,法斯特,66.0,0.0,120.0,120.0,1000.0,,,,,66.0,海珠仑头站,海珠区,2025-08-30,True,False,False,False,Ultra fast charging,法斯特 - Ultra fast charging,Ultra fast charging,hex_28,6.211204376009782,,,,,,,,
MA5DT8Q54_4401050269,快充 南网电动,113.371605,23.101186,海珠区琶洲街道琶洲大道东琶洲岛,广东省,广州市,南网电动,18.0,0.0,480.0,250.0,380.0,,,,,18.0,广州供电局光储充检放一体化智能超充站,海珠区,2025-08-30,True,False,False,False,High power charging,南网电动 - High power charging,High power charging,hex_28,4.977646572813145,,,,,,,,
PENGHUI02_38,快充 鹏辉智慧充电,113.38545,23.10183,琶洲街道保利叁悦广场A塔保利·叁悦广场,广东省,广州市,鹏辉智慧充电,20.0,0.0,120.0,,,,,,,20.0,海珠区保利叁悦A塔充电站,海珠区,2025-08-30,True,False,False,False,Ultra fast charging,鹏辉智慧充电 - Ultra fast charging,Ultra fast charging,hex_28,6.239969871924309,,,,,,,,
395815801_4401050042,快充 特来电,113.385806,23.104042,琶洲街道琶洲村新马路保利·天幕广场,广东省,广州市,特来电,8.0,0.0,120.0,250.0,1000.0,,,,,8.0,特来电保利发展广场充电站,海珠区,2025-08-30,True,False,False,False,Ultra fast charging,特来电 - Ultra fast charging,Ultra fast charging,hex_28,6.1903060479903695,,,,,,,,
MA59J8YL8_07e650596bc366b7,慢充 万城万充,113.390117,23.120184,车陂路113号东宏国际广场-西南1门,广东省,广州市,万城万充,0.0,30.0,,,,168.0,63.0,380.0,30.0,,东宏国际广场充电站交流区,天河区,2025-08-30,False,True,False,False,Fast AC,万城万充 - Fast AC,Fast AC,hex_28,6.303548368438896,,,,,,,,
MA1MY0GF9_132198,快充 云快充,113.381999,23.121171,中山大道科新路2号,广东省,广州市,云快充,10.0,0.0,600.0,600.0,1000.0,,,,,10.0,冠伟大厦充电站,天河区,2025-08-30,True,False,False,False,High power charging,云快充 - High power charging,High power charging,hex_28,5.470914421949599,,,,,,,,
618478196_394176,慢充 延长壳牌(广东),113.387885,23.139788,广棠路37号富力天寓A3、A4栋垂直部分的地下负一层车库,广东省,广州市,延长壳牌(广东),0.0,10.0,,,,7.0,,253.0,10.0,,延长壳牌广州富力天寓地下慢充站,天河区,2025-08-30,False,True,False,False,Slow AC,延长壳牌(广东) - Slow AC,Slow AC,hex_28,6.386123472609502,,,,,,,,
618478196_373780,快充 延长壳牌(广东),113.406254,23.120606,中山大道中461号迎海大厦后面停车场,广东省,广州市,延长壳牌(广东),52.0,0.0,120.0,,750.0,,,,,52.0,延长壳牌广州迎海地面快充站,天河区,2025-08-30,True,False,False,False,Ultra fast charging,延长壳牌(广东) - Ultra fast charging,Ultra fast charging,hex_28,7.952055348702399,,,,,,,,
MA5CYYPT1_S16248759767741,慢充 法斯特,113.414032,23.106895,黄埔大道东美林MLIVE天地西座负二层E区,广东省,广州市,法斯特,0.0,70.0,,,,7.0,32.0,253.0,70.0,,美林M.LIVE天地西座-慢充,天河区,2025-08-30,False,True,False,False,Slow AC,法斯特 - Slow AC,Slow AC,hex_28,8.905979767122236,,,,,,,,
MA2J378Y2_477042309894405,慢充 宁波均胜,113.405528,23.164779,新岑四路2号(天河智慧城地铁站B口步行410米),广东省,广州市,宁波均胜,0.0,19.0,,,,7.0,32.0,220.0,19.0,,广州天河佳都智慧大厦充电站,天河区,2025-08-30,False,True,False,False,Slow AC,宁波均胜 - Slow AC,Slow AC,hex_28,9.200873591107475,,,,,,,,
PENGHUI02_151,慢充 鹏辉智慧充电,113.4062,23.167213,新塘街道高唐路万科智慧商业广场,广东省,广州市,鹏辉智慧充电,0.0,12.0,,,,14.0,,,12.0,,广州市万科广场充电站,天河区,2025-08-30,False,True,False,False,Medium AC,鹏辉智慧充电 - Medium AC,Medium AC,hex_28,9.40163053055397,,,,,,,,
67345703X_716,快充 广州发展,113.411843,23.167966,新塘街道华观路1967号广州日航酒店,广东省,广州市,广州发展,20.0,0.0,480.0,640.0,750.0,,,,,20.0,广州发展瑞士酒店充电站,天河区,2025-08-30,True,False,False,False,High power charging,广州发展 - High power charging,High power charging,hex_28,9.936741212516258,,,,,,,,
MA5CK11W7_000120220002,快充 广州智光,113.451373,23.169859,科学大道193-195号,广东省,广州市,广州智光,5.0,0.0,480.0,600.0,800.0,,,,,5.0,优托邦科学城站,黄埔区,2025-08-30,True,False,False,False,High power charging,广州智光 - High power charging,High power charging,hex_28,13.6435164873579,,,,,,,,
698685194_5943,慢充 广州城投,113.479162,23.189969,水西路萝岗和苑小区H3及H4栋负1楼停车场,广东省,广州市,广州城投,0.0,49.0,,,,7.0,32.0,220.0,49.0,,广州城投（萝岗和苑）充电站,黄埔区,2025-08-30,False,True,False,False,Slow AC,广州城投 - Slow AC,Slow AC,hex_47,17.157355159680204,,,,,,,,
MA1FP0228_12787,快充 安悦充电,113.486592,23.156621,新瑞路90号,广东省,广州市,安悦充电,1.0,0.0,60.0,80.0,750.0,,,,,1.0,广州宝升行汽车销售服务有限公司,黄埔区,2025-08-30,True,False,False,False,Fast charging,安悦充电 - Fast charging,Fast charging,hex_47,16.616450234742032,,,,,,,,
914401153_JT0090,快充 劲桩,113.531837,23.135313,骏业路1号南村广场地面停车场,广东省,广州市,劲桩,10.0,0.0,90.0,25.0,750.0,,,,,10.0,南村广场,黄埔区,2025-08-30,True,False,False,False,Fast charging,劲桩 - Fast charging,Fast charging,hex_47,20.844700513468084,,,,,,,,
398461164_201126161133518236930743,快充 充电有道,113.54303,23.11291,宏明路263（时代城西北门左侧停车场）,广东省,广州市,充电有道,28.0,0.0,120.0,250.0,1000.0,,,,,28.0,充电有道黄埔时代城快充站,黄埔区,2025-08-30,True,False,False,False,Ultra fast charging,充电有道 - Ultra fast charging,Ultra fast charging,hex_47,21.961587249555503,,,,,,,,
914401153_JT0074,快充 劲桩,113.482573,23.087782,文船东路自编号51单号,广东省,广州市,劲桩,2.0,0.0,45.0,100.0,750.0,,,,,2.0,文船东(双沙),黄埔区,2025-08-30,True,False,False,False,DC charging,劲桩 - DC charging,DC charging,hex_28,16.209696213073368,,,,,,,,
PENGHUI02_159,慢充 鹏辉智慧充电,113.4416,23.048725,化龙镇莘环西二路(龙津路1号之一达道物流商贸中心二期),广东省,广州市,鹏辉智慧充电,0.0,5.0,,,,7.0,,,5.0,,鹏辉番禺云食城产业园交流充电站,番禺区,2025-08-30,False,True,False,False,Slow AC,鹏辉智慧充电 - Slow AC,Slow AC,hex_28,14.148851861112208,,,,,,,,
PENGHUI02_158,快充 鹏辉智慧充电,113.441444,23.048746,化龙镇莘环西二路(龙津路1号之一达道物流商贸中心二期),广东省,广州市,鹏辉智慧充电,22.0,0.0,480.0,,,,,,,22.0,鹏辉番禺云食城产业园二期充电站,番禺区,2025-08-30,True,False,False,False,High power charging,鹏辉智慧充电 - High power charging,High power charging,hex_28,14.134461597711773,,,,,,,,
324887859_34d55fdecf6342f9955579c2bd5542e3,快充 珠海驿联,113.381537,23.006337,番禺区南村镇文明路3号,广东省,广州市,珠海驿联,8.0,0.0,120.0,160.0,750.0,,,,,8.0,番禺誉山智创园南门充电站,番禺区,2025-08-30,True,False,False,False,Ultra fast charging,珠海驿联 - Ultra fast charging,Ultra fast charging,hex_28,13.957369247346817,,,,,,,,
MA9UMJGL6_A202207280001,快充 天光地合,113.392209,22.97861,广州佰优电器有限公司,广东省,广州市,天光地合,8.0,0.0,120.0,,,,,,,8.0,天光地合新水坑充电站,番禺区,2025-08-30,True,False,False,False,Ultra fast charging,天光地合 - Ultra fast charging,Ultra fast charging,hex_28,17.22375200253535,,,,,,,,
MA5CYNX64_2051970,慢充 乐来电,113.386941,22.974877,东省广州市番禺区大龙街道恒然创意园A座103,广东省,广州市,乐来电,0.0,16.0,,,,7.0,32.0,254.0,16.0,,恒然创意园A座,番禺区,2025-08-30,False,True,False,False,Slow AC,乐来电 - Slow AC,Slow AC,hex_28,17.416394175329824,,,,,,,,
MAD4EBRC0_MAD4EBRC0_347,快充 开鑫充,113.362682,22.957794,碧桂园·星钻(建设中),广东省,广州市,开鑫充,22.0,0.0,250.0,250.0,1000.0,,,,,22.0,【开鑫】广州番禺东环街东沙村充电站,番禺区,2025-08-30,True,False,False,False,High power charging,开鑫充 - High power charging,High power charging,hex_28,18.589425466309265,,,,,,,,
PENGHUI02_31,快充 鹏辉智慧充电,113.347662,22.963792,沙头街道市广路737号737银辉综合楼,广东省,广州市,鹏辉智慧充电,6.0,0.0,80.0,,,,,,,6.0,银辉综合楼充电站,番禺区,2025-08-30,True,False,False,False,Fast charging,鹏辉智慧充电 - Fast charging,Fast charging,hex_28,17.69946302623129,,,,,,,,
231227827_5492,快充 用电,113.289085,22.993702,钟村街道谢石公路,广东省,广州市,用电,21.0,0.0,120.0,160.0,750.0,,,,,21.0,华胜木制品厂充电站,番禺区,2025-08-30,True,False,False,False,Ultra fast charging,用电 - Ultra fast charging,Ultra fast charging,hex_28,14.824044686545745,,,,,,,,
MA04D0DUX_000000000069,慢充 太空充电,113.280657,22.984627,石壁街道双涌路万科会博商业中心A4栋负一层D区,广东省,广州市,太空充电,0.0,21.0,,,,7.0,32.0,220.0,21.0,,金牛座卫星超能舱（广州南站万科中心）,番禺区,2025-08-30,False,True,False,False,Slow AC,太空充电 - Slow AC,Slow AC,hex_28,16.03934748914001,,,,,,,,
304520582_09faaf84f4664cdfbd25049d3258da0b,快充 兴国新能源,113.259985,23.064483,环翠北路2号之一,广东省,广州市,兴国新能源,112.0,0.0,180.0,120.0,750.0,,,,,112.0,荔湾东沙站,荔湾区,2025-08-30,True,False,False,False,High power charging,兴国新能源 - High power charging,High power charging,hex_28,9.4874039946761,,,,,,,,
MA5CKUWK5_bfd722a922224be49877d3d7a4e1a32f,慢充 绿箭新能源,113.211877,23.063738,荔湾区菊树村,广东省,广州市,绿箭新能源,0.0,4.0,,,,7.0,32.0,264.0,4.0,,芳村菊树交流充电站,荔湾区,2025-08-30,False,True,False,False,Slow AC,绿箭新能源 - Slow AC,Slow AC,hex_28,13.57455468502158,,,,,,,,
914401153_11530008,快充 劲桩,113.240758,23.131113,广州市荔湾区周门路18号,广东省,广州市,劲桩,20.0,0.0,160.0,250.0,750.0,,,,,20.0,周门充电站,荔湾区,2025-08-30,True,False,False,False,High power charging,劲桩 - High power charging,High power charging,hex_28,9.030446096353977,,,,,,,,
30469622X_500001825,慢充 华盈充电,113.226333,23.156103,广东省白云区广东省广州市白云区松洲街同康路323号,广东省,广州市,华盈充电,0.0,9.0,,,,7.0,32.0,250.0,9.0,,华盈国际大厦充电桩,白云区,2025-08-30,False,True,False,False,Slow AC,华盈充电 - Slow AC,Slow AC,hex_28,11.114755463756582,,,,,,,,
618478196_9394865,快充 延长壳牌(广东),113.234484,23.172014,西槎路227号商业广场停车场,广东省,广州市,延长壳牌(广东),56.0,0.0,480.0,,1000.0,,,,,56.0,延长壳牌广州上步地面快充站,白云区,2025-08-30,True,False,False,False,High power charging,延长壳牌(广东) - High power charging,High power charging,hex_28,11.106750975338409,,,,,,,,
698685194_6292,快充 广州城投,113.205879,23.158473,金沙街道金沙洲路100号城投地产花城·金沙汇,广东省,广州市,广州城投,20.0,0.0,90.0,120.0,750.0,,,,,20.0,广州城投（金沙汇）充电站,白云区,2025-08-30,True,False,False,False,Fast charging,广州城投 - Fast charging,Fast charging,hex_28,13.178678225860338,,,,,,,,
MA5GE23CX_1050,慢充 一码YiMa,113.2,23.16,浔峰岗停车场充电站,广东省,广州市,一码YiMa,0.0,2.0,,,,7.0,32.0,220.0,2.0,,浔峰岗停车场,白云区,2025-08-30,False,True,False,False,Slow AC,一码YiMa - Slow AC,Slow AC,hex_28,13.802826600964991,,,,,,,,
MA59J8YL8_543c4cff16292812,快充 万城万充,113.254086,23.204483,黄石西路428号金国广场,广东省,广州市,万城万充,36.0,0.0,480.0,250.0,1000.0,,,,,36.0,金国广场充电站二期,白云区,2025-08-30,True,False,False,False,High power charging,万城万充 - High power charging,High power charging,hex_28,11.917647772077816,,,,,,,,
67345703X_688,快充 广州发展,113.281492,23.188843,云城街道学岗路16号广州白云国际会议中心,广东省,广州市,广州发展,12.0,0.0,120.0,160.0,750.0,,,,,12.0,白云国际会议中心东区,白云区,2025-08-30,True,False,False,False,Ultra fast charging,广州发展 - Ultra fast charging,Ultra fast charging,hex_28,8.852616681676487,,,,,,,,
MA5AUTPR8_20912,快充 广州羊充,113.275,23.1685,景泰街大金钟路518号,广东省,广州市,广州羊充,17.0,0.0,600.0,800.0,1000.0,,,,,17.0,羊充大金钟路600KW超充站,白云区,2025-08-30,True,False,False,False,High power charging,广州羊充 - High power charging,High power charging,hex_28,7.528593091042487,,,,,,,,
MA59G0765_67353,快充 蔚景云,113.293818,23.167828,同和街道白云山风景名胜区广州市白云山风景名胜区,广东省,广州市,蔚景云,24.0,0.0,160.0,250.0,1000.0,,,,,24.0,工厂站,白云区,2025-08-30,True,False,False,False,High power charging,蔚景云 - High power charging,High power charging,hex_28,6.209808174522091,,,,,,,,
313744932_9421299,快充 星星充电,113.287251,23.139988,淘金半山超级充电站,广东省,广州市,星星充电,8.0,0.0,360.0,360.0,1000.0,,,,,8.0,广州淘金半山超级充电站,越秀区,2025-08-30,True,False,False,False,High power charging,星星充电 - High power charging,High power charging,hex_28,4.669488438901156,,,,,,,,
565843400_CAGDAA007308,慢充 昆仑网电,113.285416,23.115726,沿江东路406号,广东省,广州市,昆仑网电,0.0,12.0,,,,7.0,32.0,220.0,12.0,,港口中心,越秀区,2025-08-30,False,True,False,False,Slow AC,昆仑网电 - Slow AC,Slow AC,hex_28,4.461485617529761,,,,,,,,
MAC65JAA9_440106014000-00002,慢充 朗新新能源,113.319652,23.124706,金穗路9号 停车场进入地库后，出地库，出口位置地面停车位,广东省,广州市,朗新新能源,0.0,16.0,,,,7.0,32.0,220.0,16.0,,小朗充电-广州市妇女儿童医疗中心充电站,天河区,2025-08-30,False,True,False,False,Slow AC,朗新新能源 - Slow AC,Slow AC,hex_28,0.95472988092455,,,,,,,,
395815801_4401060006,快充 特来电,113.326876,23.132409,天河路228号B1层，商场客梯电梯间对面 (原始车位编号340-342、 363-365),广东省,广州市,特来电,6.0,0.0,600.0,600.0,1000.0,,,,,6.0,逸安启超充站广州正佳广场,天河区,2025-08-30,True,False,False,False,High power charging,特来电 - High power charging,High power charging,hex_28,1.1707198479666419,,,,,,,,
67345703X_652,慢充 广州发展,113.330621,23.136472,林和街道名雅苑名雅苑南区,广东省,广州市,广州发展,0.0,29.0,,,,3.0,16.0,220.0,29.0,,名雅苑,天河区,2025-08-30,False,True,False,False,Slow AC,广州发展 - Slow AC,Slow AC,hex_28,1.6249787636870743,,,,,,,,
313744932_2615,快充 星星充电,113.323249,23.142674,林和街道林和西路9号B座耀中广场,广东省,广州市,星星充电,4.0,0.0,120.0,120.0,1000.0,,,,,4.0,星星充电-耀中广场充电站,天河区,2025-08-30,True,False,False,False,Ultra fast charging,星星充电 - Ultra fast charging,Ultra fast charging,hex_28,2.3622064574026136,,,,,,,,
MA5DA0053_000000001181,快充 车电网,113.323371,23.148626,林和街道保利中汇广场,广东省,广州市,车电网,29.0,0.0,120.0,250.0,750.0,,,,,29.0,车电网广州天河中汇广场充电站,天河区,2025-08-30,True,False,False,False,Ultra fast charging,车电网 - Ultra fast charging,Ultra fast charging,hex_28,3.008228896131489,,,,,,,,
MA008CB97_24,快充 特瓦特,113.325872,23.148485,林和中路178号帝都大厦停车场,广东省,广州市,特瓦特,20.0,0.0,600.0,600.0,1000.0,,,,,20.0,特瓦特帝都大厦（广州）超充站,天河区,2025-08-30,True,False,False,False,High power charging,特瓦特 - High power charging,High power charging,hex_28,2.958639378005822,,,,,,,,
914401153_JT0009,快充 劲桩,113.316792,23.139794,天河直街160号天河汇商业广场背面露天停车场,广东省,广州市,劲桩,4.0,0.0,120.0,25.0,750.0,,,,,4.0,天河汇商业广场,天河区,2025-08-30,True,False,False,False,Ultra fast charging,劲桩 - Ultra fast charging,Ultra fast charging,hex_28,2.3141828561656372,,,,,,,,
076517946_1087,快充 恒宏（广州）,113.33519,23.180163,新百佳国际时装研发创意产业园,广东省,广州市,恒宏（广州）,58.0,0.0,120.0,100.0,120.0,,,,,58.0,新百佳充电站,白云区,2025-08-30,True,False,False,False,Ultra fast charging,恒宏（广州） - Ultra fast charging,Ultra fast charging,hex_28,6.504748937520496,,,,,,,,
MA59J8YL8_0f62afa81792c53a,快充 万城万充,113.336488,23.181197,京溪街道麒麟岗麒麟南路28号冠通纺织服装市场,广东省,广州市,万城万充,10.0,0.0,120.0,250.0,750.0,,,,,10.0,冠通纺织服装市场充电站,白云区,2025-08-30,True,False,False,False,Ultra fast charging,万城万充 - Ultra fast charging,Ultra fast charging,hex_28,6.634109865900684,,,,,,,,
MA1MY0GF9_129797,快充 云快充,113.358021,23.179304,方达路2号,广东省,广州市,云快充,6.0,0.0,120.0,250.0,1000.0,,,,,6.0,黑牛新经济产业园二期,天河区,2025-08-30,True,False,False,False,Ultra fast charging,云快充 - Ultra fast charging,Ultra fast charging,hex_28,7.051478305038541,,,,,,,,
MA59J8YL8_1d115016715104b2,快充 万城万充,113.328772,23.266422,永兴小学,广东省,广州市,万城万充,4.0,0.0,90.0,250.0,500.0,,,,,4.0,永兴小学停车场充电站（二期）,白云区,2025-08-30,True,False,False,False,Fast charging,万城万充 - Fast charging,Fast charging,hex_47,16.060372885233857,,,,,,,,
MA9Y7NW76_44011105087001,快充 宏意新能源,113.33792,23.27244,陈太路119号广州市福仁电子科技有限公司,广东省,广州市,宏意新能源,32.0,0.0,120.0,250.0,750.0,,,,,32.0,魔方新能源充电站,白云区,2025-08-30,True,False,False,False,Ultra fast charging,宏意新能源 - Ultra fast charging,Ultra fast charging,hex_47,16.757155944241386,,,,,,,,
359705330_90b818c01800231,快充 66快充,113.305052,23.270575,龙归广州市申锐机械设备有限公司 白云区南岭工业区八横路4号,广东省,广州市,66快充,30.0,0.0,150.0,200.0,750.0,,,,,30.0,南岭工业园站,白云区,2025-08-30,True,False,False,False,High power charging,66快充 - High power charging,High power charging,hex_47,16.695163796818754,,,,,,,,
349641927_16325,快充 地上铁,113.303299,23.308606,人和镇秀水木龙潭街旁大型停车场,广东省,广州市,地上铁,12.0,0.0,60.0,100.0,750.0,,,,,12.0,广州秀水服务站,白云区,2025-08-30,True,False,False,False,Fast charging,地上铁 - Fast charging,Fast charging,hex_47,20.91030078596359,,,,,,,,
MABUL2CU6_1729737908278697985,快充 广汽能源,113.256489,23.245222,泓泰商贸产业园,广东省,广州市,广汽能源,8.0,0.0,120.0,18.0,1000.0,,,,,8.0,广汽能源广州白云泓泰广场超充站,白云区,2025-08-30,True,False,False,False,Ultra fast charging,广汽能源 - Ultra fast charging,Ultra fast charging,hex_28,15.555192649158354,,,,,,,,
MA2KDUER1_162188742673391617,快充 极氪能源,113.238974,23.370829,凤凰南路59号长大展示中心地下停车场负一层C1区074号车位对面,广东省,广州市,极氪能源,6.0,0.0,360.0,650.0,1000.0,,,,,6.0,广州长大展示中心极充站,花都区,2025-08-30,True,False,False,False,High power charging,极氪能源 - High power charging,High power charging,hex_47,29.142743670089136,,,,,,,,
MA2KDUER1_141942059663036417,快充 极氪能源,113.238866,23.370911,凤凰南路59号长大展示中心地下停车场负一层A区061号车位旁,广东省,广州市,极氪能源,8.0,0.0,20.0,,,,,,,8.0,广州长大展示中心轻充站,花都区,2025-08-30,True,False,False,False,DC charging,极氪能源 - DC charging,DC charging,hex_47,29.1548644047573,,,,,,,,
914401153_11530044,慢充 劲桩,113.504128,23.381361,广东省广州市黄埔区凤凰五路16号,广东省,广州市,劲桩,0.0,13.0,,,,7.0,7.0,750.0,13.0,,维杰斯通充电站-慢充,黄埔区,2025-08-30,False,True,False,False,Slow AC,劲桩 - Slow AC,Slow AC,hex_47,33.96642381139708,,,,,,,,
MADD8G2W4_4401060001,,113.32271,23.118308,,,,逸安启,,,,,,,,,,,小鹏汽车充电站(小鹏超充广州国际金融中心IFC站),,,,,,,High power charging,,,hex_1395,0.7661005156293453,B0JRTC2HZT,广州国际金融中心地下停车场,"113.322710,23.118308",3.8,小鹏,POINT (113.32271 23.118308),逸安启_High power charging,Unknown
395815801_4401060135,,113.31922,23.1153,,,,特来电,,,,,,,,,,,理想汽车超级充电站(理想5C超充站广州三银大厦),,,,,,,High power charging,,,hex_1349,1.4373366257219822,B0LUDDBMD6,猎德街道三银大厦三银大厦A座,"113.319220,23.115300",3.3,理想,POINT (113.31922 23.1153),特来电_High power charging,Unknown
395815801_4401060053,,113.3167,23.134302,,,,特来电,,,,,,,,,,,蔚来能源超级充电站(广州天河购书中心),,,,,,,High power charging,,,hex_1395,2.0333263580592917,B0KGD4IWNU,林和街,"113.316700,23.134302",3.8,蔚来,POINT (113.3167 23.134302),特来电_High power charging,Unknown
101437000_55127,,113.340576,23.1249,,,,小桔充电,,,,,,,,,,,理想汽车汽车充电站(理想超充站广州越秀财富世纪广场),,,,,,,High power charging,,,hex_1396,1.6701728510119147,B0KRAD7YSH,冼村街道黄埔大道西328号越秀·财富世纪广场,"113.340576,23.124900",3.8,理想,POINT (113.340576 23.1249),小桔充电_High power charging,Unknown
MA5CYYPT1_S15948697244986,快充 法斯特,113.368393,23.079866,仑头西路九亩田二街1号,广东省,广州市,法斯特,66.0,0.0,120.0,120.0,1000.0,,,,,66.0,海珠仑头站,海珠区,2025-08-30,True,False,False,False,Ultra fast charging,法斯特 - Ultra fast charging,Ultra fast charging,hex_28,6.211204376009782,,,,,,,法斯特_Ultra fast charging,DC
101437000_13713,,113.1561,23.08469,,,,小桔充电,,,,,,,,,,,万城万充汽车充电站(佛山比亚迪充电站),,,,,,,Ultra fast charging,,,hex_1343,16.136826434388567,B0KB3C4Z2X,盐步穗盐西路99号,"113.156100,23.084690",3.2,比亚迪,POINT (113.1561 23.08469),小桔充电_Ultra fast charging,Unknown
